id,nom,marque,caracteristiques,prix,Algorithme de chiffrement,Appareils pris en charge,Avertissement sur les couleurs de l'image,Baie compatible,Baies d'extension,Capacité,Caractéristiques,Compatibilité TTA,Configuration requise,Connecteur de lecteur,Conçu pour,Couleur,Couleur du boîtier,Cryptage matériel,Disque dur,Débit de transfert de données,Fonctions,Format,Fourni avec,Garantie du fabricant,Hard Drive Form Factor Compatibility,Interface,Interface prise en charge,Localisation,Matériau du produit,Nbre max. de périphériques de stockage,Poids,Protocole de liaison de données,Source d'alimentation,Type,Type de bus,Type de câblage,Type de mémoire flash NAND,Type de tarification
8636029,Kingston XS1000,KINGSTON,SSD - 1 To - externe (portable) - USB 3.2 Gen 2 (USB-C connecteur),133.3,,,,,,1 To,,,,,,,,,,,,,,Garantie de 5 ans,,USB 3.2 Gen 2 - USB-C,,,,,28.7 g,,,Lecteur à semi-conducteurs - externe (portable),,,,
6999693,Seagate Storage Expansion Card STJR2000400,SEAGATE,"Adaptateur d'interface - PCIe 4.0 DD: 1 x 2 To - pour Xbox Series S, Xbox Series X",683.06,,Disque SSD,,,,,,,,,"Xbox Series S, Xbox Series X",,,,1 x 2 To à état solide,,,,,Garantie de 3 ans,,PCIe 4.0,,,,1,30 g,,,,,,,
8543261,SanDisk Portable,SANDISK,SSD - 2 To - externe (portable) - USB 3.2 Gen 2 (USB-C connecteur),220.72,,,,,,2 To,"Antichoc, boucle de mousqueton",,,,,,,,,"10,0 Gbps (USB 3.2 de 2e génération)",,,,Garantie de 3 ans,,USB 3.2 Gen 2 - USB-C,,,,,,,,Lecteur à semi-conducteurs - externe (portable),,,,
6977546,Kingston XS2000,KINGSTON,SSD - 500 Go - externe (portable) - USB 3.2 Gen 2x2 (USB-C connecteur),99.76,,,,,,500 Go,"Imperméable, antichoc, antipoussière",,,,,,,,,20 Gbps (USB 3.2 Gen 2x2),,,,Garantie de 5 ans,,USB 3.2 Gen 2x2 - USB-C,,,,,28.9 g,,Bus USB,Lecteur à semi-conducteurs - externe (portable),,,,
11518266,KIOXIA EXCERIA PLUS G2,KIOXIA,SSD - chiffré - 2 To - externe (portable) - USB 3.2 Gen 2 (USB-C connecteur) - AES 256 bits - TCG Opal Encryption 2.01,203.07,AES 256 bits,,,,,2 To,3D BiCS Flash,,,,,,,Oui,,10 Gbps (USB 3.2 Gen 2x1),,,,Garantie de 3 ans,,USB 3.2 Gen 2 - USB-C,,,,,42 g,,Bus USB,Lecteur à semi-conducteurs - externe (portable),,,,
8636028,Kingston XS1000,KINGSTON,SSD - 2 To - externe (portable) - USB 3.2 Gen 2 (USB-C connecteur),217.14,,,,,,2 To,,,,,,,,,,,,,,Garantie de 5 ans,,USB 3.2 Gen 2 - USB-C,,,,,28.7 g,,,Lecteur à semi-conducteurs - externe (portable),,,,
7712879,Kingston XS2000,KINGSTON,SSD - 4 To - externe (portable) - USB 3.2 Gen 2x2 (USB-C connecteur),446.56,,,,,,4 To,"Imperméable, antichoc, antipoussière",,,,,,,,,20 Gbps (USB 3.2 Gen 2x2),,,,Garantie de 5 ans,,USB 3.2 Gen 2x2 - USB-C,,,,,28.9 g,,Bus USB,Lecteur à semi-conducteurs - externe (portable),,,,
6176275,Seagate Storage Expansion Card STJR1000400,SEAGATE,"Adaptateur d'interface - PCIe 4.0 DD: 1 x 1 To - pour Xbox Series S, Xbox Series X",362.55,,Disque SSD,,,,,,,,,"Xbox Series S, Xbox Series X",,,,1 x 1 To à état solide,,,,,Garantie de 3 ans,,PCIe 4.0,,,,1,30 g,,,,,,,
8688624,Crucial X9,MICRON,SSD - 4 To - externe (portable) - USB 3.2 Gen 2 (USB-C connecteur),419.93,,,,,,4 To,"Antichoc, résistant aux vibrations, résistant aux impacts, résistant à la température",,,,,,,,,"10,0 Gbps (USB 3.2 de 2e génération)",,,,Garantie de 3 ans,,USB 3.2 Gen 2 - USB-C,,,,,32 g,,Bus USB,Lecteur à semi-conducteurs - externe (portable),,,,
8626143,Crucial X10 Pro,MICRON,SSD - chiffré - 2 To - externe (portable) - USB 3.2 Gen 2 (USB-C connecteur) - AES 256 bits,330.7,AES 256 bits,,,,,2 To,"Antipoussière, imperméable, compatible PlayStation, compatible Xbox, indicateur d'état DEL",,,,,,,Oui,,20 Gbps (USB 3.2 Gen 2x2),,,,Garantie de 5 ans,,USB 3.2 Gen 2 - USB-C,,,,,42 g,,Bus USB,Lecteur à semi-conducteurs - externe (portable),,,3 bits par cellule (TLC),
8626144,Crucial X10 Pro,MICRON,SSD - chiffré - 4 To - externe (portable) - USB 3.2 Gen 2 (USB-C connecteur) - AES 256 bits,561.65,AES 256 bits,,,,,4 To,"Antipoussière, imperméable, compatible PlayStation, compatible Xbox, indicateur d'état DEL",,,,,,,Oui,,20 Gbps (USB 3.2 Gen 2x2),,,,Garantie de 5 ans,,USB 3.2 Gen 2 - USB-C,,,,,42 g,,Bus USB,Lecteur à semi-conducteurs - externe (portable),,,3 bits par cellule (TLC),
11462070,LaCie PRO5 STNA2000400,SEAGATE,SSD - 2 To - LC/APC duplex monomode - externe (portable) - Thunderbolt 5 (USB-C connecteur) - bleu - avec Seagate Rescue Data Recovery,761.88,,,,,,2 To,"Imperméable, antipoussière, résistant à la pression, protection contre les chutes sur béton jusqu'à 3 m",,,,,,Bleu,,,80 Gbps (Thunderbolt 5),,,Seagate Rescue Data Recovery,Garantie de 5 ans,,Thunderbolt 5 - USB-C,,Mondial,,,150 g,,Thunderbolt bus,Lecteur à semi-conducteurs - externe (portable),,,,
8688623,Crucial X9,MICRON,SSD - 1 To - externe (portable) - USB 3.2 Gen 2 (USB-C connecteur),157.47,,,,,,1 To,"Antichoc, résistant aux vibrations, résistant aux impacts, résistant à la température",,,,,,,,,"10,0 Gbps (USB 3.2 de 2e génération)",,,,Garantie de 3 ans,,USB 3.2 Gen 2 - USB-C,,,,,32 g,,Bus USB,Lecteur à semi-conducteurs - externe (portable),,,,
8688622,Crucial X9,MICRON,SSD - 2 To - externe (portable) - USB 3.2 Gen 2 (USB-C connecteur),232.72,,,,,,2 To,"Antichoc, résistant aux vibrations, résistant aux impacts, résistant à la température",,,,,,,,,"10,0 Gbps (USB 3.2 de 2e génération)",,,,Garantie de 3 ans,,USB 3.2 Gen 2 - USB-C,,,,,32 g,,Bus USB,Lecteur à semi-conducteurs - externe (portable),,,,
8208302,SanDisk Professional PRO-G40,SANDISK,G40 - SSD - 4 To - externe (portable) - USB 3.2 Gen 2 / Thunderbolt 3 (USB-C connecteur),1260.35,,,,,,4 To,"Robuste, APFS, double mode, compatible avec Apple Time Machine, NVM Express (NVMe), protection contre les chutes sur béton jusqu'à 3 m, résistant à l'écrasement, antipoussière, imperméable, boîtier aluminium",,,,,,,,,40 Gbits/s (Thunderbolt 3),,,,Garantie de 5 ans,,USB 3.2 Gen 2 / Thunderbolt 3 - USB-C,,,,,123.1 g,,,Lecteur à semi-conducteurs - externe (portable),,,,
7329004,Samsung T7 Shield 2 TB Black,SAMSUNG,PE2T0S - SSD - chiffré - 2 To - externe (portable) - USB 3.2 Gen 2 (USB-C connecteur) - AES 256 bits - noir,271.35,AES 256 bits,,,,,2 To,Antichoc,,,,,,Noir,Oui,,"10,0 Gbps (USB 3.2 de 2e génération)",,,,Garantie de 3 ans,,USB 3.2 Gen 2 - USB-C,,,,,98.5 g,,Bus USB,Lecteur à semi-conducteurs - externe (portable),,,,
5831431,WD My Passport SSD WDBAGF5000AGY,SANDISK,SSD - chiffré - 500 Go - externe (portable) - USB 3.2 Gen 2 (USB-C connecteur) - AES 256 bits - gris sidéral,149.47,AES 256 bits,,,,,500 Go,"NVM Express (NVMe), antichoc, amortissement des vibrations, authentification du mot de passe, sauvegarde automatique",,,,,,Gris sidéral,Oui,,"10,0 Gbps (USB 3.2 de 2e génération)",,,,Garantie de 5 ans,,USB 3.2 Gen 2 - USB-C,,Monde entier (sauf la Chine),,,45.7 g,,Bus USB,Lecteur à semi-conducteurs - externe (portable),,,,
7329003,Samsung T7 Shield 1 TB Black,SAMSUNG,PE1T0S - SSD - chiffré - 1 To - externe (portable) - USB 3.2 Gen 2 (USB-C connecteur) - AES 256 bits - noir,157.37,AES 256 bits,,,,,1 To,Antichoc,,,,,,Noir,Oui,,"10,0 Gbps (USB 3.2 de 2e génération)",,,,Garantie de 3 ans,,USB 3.2 Gen 2 - USB-C,,,,,98.5 g,,Bus USB,Lecteur à semi-conducteurs - externe (portable),,,,
7774671,Samsung SSD T7 SHIELD 4TB,SAMSUNG,PE4T0S - SSD - chiffré - 4 To - externe (portable) - USB 3.2 Gen 2 (USB-C connecteur) - AES 256 bits - noir,500.28,AES 256 bits,,,,,4 To,Antichoc,,,,,,Noir,Oui,,"10,0 Gbps (USB 3.2 de 2e génération)",,,,Garantie de 3 ans,,USB 3.2 Gen 2 - USB-C,,,,,98 g,,Bus USB,Lecteur à semi-conducteurs - externe (portable),,,,
9850176,Integral SLIMXPRESS PRO,INTEGRAL,SSD - 2 To - externe (portable) - USB 3.2 Gen 2x2 (USB-C connecteur) - noir,166.24,,,,,,2 To,,,,,,,Noir,,,,,,,4 ans de garantie,,USB 3.2 Gen 2x2 - USB-C,,,,,20 g,,,Lecteur à semi-conducteurs - externe (portable),,,,
11789437,SanDisk Creator Phone,SANDISK,SSD - 2 To - externe (portable) - USB 3.2 Gen 2 (USB-C connecteur),246.86,,,,,,2 To,"Imperméable, résistant à la poussière",,,,,,,,,,,,,Garantie de 5 ans,,USB 3.2 Gen 2 - USB-C,,,,,54 g,,,Lecteur à semi-conducteurs - externe (portable),,,,
7329001,Samsung T7 Shield 2TB Blue,SAMSUNG,PE2T0R - SSD - chiffré - 2 To - externe (portable) - USB 3.2 Gen 2 (USB-C connecteur) - AES 256 bits - bleu,271.35,AES 256 bits,,,,,2 To,Antichoc,,,,,,Bleu,Oui,,"10,0 Gbps (USB 3.2 de 2e génération)",,,,Garantie de 3 ans,,USB 3.2 Gen 2 - USB-C,,,,,98.5 g,,Bus USB,Lecteur à semi-conducteurs - externe (portable),,,,
6150953,Verbatim Store 'n' Go SSD 512 Go externe portable,VERBATIM,"Emportez vos données partout avec vous grâce au SSD externe portable Verbatim Store 'n' Go. Avec une capacité de stockage généreuse de 512 Go et une connectivité USB 3.2 Gen 1 via un connecteur USB-C, ce SSD offre une solution de stockage portable rapide et fiable pour vos besoins de mobilité.",44.4,,,,,,512 Go,,,,,,,,,,5.0 Gbps (USB 3.0),,,,,,USB 3.2 Gen 1 - USB-C,,,,,98 g,,Bus USB,Lecteur à semi-conducteurs - externe (portable),,,,
6782065,WD Elements SE WDBAYN0020BBK,SANDISK,SSD - 2 To - externe (portable) - USB 3.0,214.08,,,,,,2 To,Formatté avec le système de fichier exFAT,,,,,,,,,,,,,Garantie de 3 ans,,USB 3.0,,,,,27.2 g,,Bus USB,Lecteur à semi-conducteurs - externe (portable),,,,
5831449,WD My Passport SSD WDBAGF0010BRD,SANDISK,SSD - chiffré - 1 To - externe (portable) - USB 3.2 Gen 2 (USB-C connecteur) - AES 256 bits - rouge,171.35,AES 256 bits,,L'image du produit peut être d'une couleur différente,,,1 To,"Antichoc, authentification du mot de passe, sauvegarde automatique",,,,,,Rouge,Oui,,"10,0 Gbps (USB 3.2 de 2e génération)",,,,Garantie de 5 ans,,USB 3.2 Gen 2 - USB-C,,Monde entier (sauf la Chine),,,45.7 g,,Bus USB,Lecteur à semi-conducteurs - externe (portable),,,,
6782067,WD Elements SE WDBAYN0010BBK,SANDISK,SSD - 1 To - externe (portable) - USB 3.0,130.88,,,,,,1 To,Formatté avec le système de fichier exFAT,,,,,,,,,,,,,Garantie de 3 ans,,USB 3.0,,,,,27.2 g,,Bus USB,Lecteur à semi-conducteurs - externe (portable),,,,
5831443,WD My Passport SSD WDBAGF0010BBL,SANDISK,SSD - chiffré - 1 To - externe (portable) - USB 3.2 Gen 2 (USB-C connecteur) - AES 256 bits - bleu nuit,171.35,AES 256 bits,,L'image du produit peut être d'une couleur différente,,,1 To,"Antichoc, authentification du mot de passe, sauvegarde automatique",,,,,,Bleu nuit,Oui,,"10,0 Gbps (USB 3.2 de 2e génération)",,,,Garantie de 5 ans,,USB 3.2 Gen 2 - USB-C,,Monde entier (sauf la Chine),,,45.7 g,,Bus USB,Lecteur à semi-conducteurs - externe (portable),,,,
8644958,Samsung SSD T9 4TB,SAMSUNG,PG4T0B - SSD - chiffré - 4 To - externe (portable) - USB 3.2 Gen 2x2 (USB-C connecteur) - AES 256 bits - noir,486.17,AES 256 bits,,,,,4 To,"Authentification du mot de passe, protection contre les chutes sur béton jusqu'à 3 m",,,,,,Noir,Oui,,20 Gbps (USB 3.2 Gen 2x2),,,,Garantie de 5 ans,,USB 3.2 Gen 2x2 - USB-C,,Europe,,,122 g,,Bus USB,Lecteur à semi-conducteurs - externe (portable),,,,
10282171,Samsung T7 MU-PC4T0T,SAMSUNG,PC4T0T - SSD - chiffré - 4 To - externe (portable) - USB 3.2 Gen 2 (USB-C connecteur) - AES 256 bits - gris,380.48,AES 256 bits,,,,,4 To,"Antichoc, authentification du mot de passe, NVM Express (NVMe), compatible USB Attached SCSI Protocol (UASP), AES 256 bits",,,,,,Gris,Oui,,"10,0 Gbps (USB 3.2 de 2e génération)",,,,Garantie de 3 ans,,USB 3.2 Gen 2 - USB-C,,,,,72 g,,Bus USB,Lecteur à semi-conducteurs - externe (portable),,,,
11518264,KIOXIA EXCERIA PLUS G2,KIOXIA,SSD - chiffré - 500 Go - externe (portable) - USB 3.2 Gen 2 (USB-C connecteur) - AES 256 bits - TCG Opal Encryption 2.01,103.29,AES 256 bits,,,,,500 Go,3D BiCS Flash,,,,,,,Oui,,10 Gbps (USB 3.2 Gen 2x1),,,,Garantie de 3 ans,,USB 3.2 Gen 2 - USB-C,,,,,42 g,,Bus USB,Lecteur à semi-conducteurs - externe (portable),,,,
5456542,SSD robuste LaCie STHR1000800,SEAGATE,SSD - chiffré - 1 To - externe (portable) - USB 3.1 Gen 2 / Thunderbolt 3 (USB-C connecteur) - Self-Encrypting Drive (SED),505.3,,,,,,1 To,"Imperméable, Seagate Secure, antipoussière, robuste, NVM Express (NVMe)",,,,,,,Oui,,,,,,Garantie de 5 ans,,USB 3.1 Gen 2 / Thunderbolt 3 - USB-C,,Mondial,,,100 g,,"Bus USB, Thunderbolt bus",Lecteur à semi-conducteurs - externe (portable),,,,
11789425,SanDisk Creator Phone,SANDISK,SSD - 1 To - externe (portable) - USB 3.2 Gen 2 (USB-C connecteur),167.32,,,,,,1 To,"Imperméable, résistant à la poussière",,,,,,,,,,,,,Garantie de 5 ans,,USB 3.2 Gen 2 - USB-C,,,,,54 g,,,Lecteur à semi-conducteurs - externe (portable),,,,
7329006,Samsung SSD T7 Shield 1 TB Beige,SAMSUNG,PE1T0K - SSD - chiffré - 1 To - externe (portable) - USB 3.2 Gen 2 (USB-C connecteur) - AES 256 bits - beige,157.37,AES 256 bits,,,,,1 To,Antichoc,,,,,,Beige,Oui,,"10,0 Gbps (USB 3.2 de 2e génération)",,,,Garantie de 3 ans,,USB 3.2 Gen 2 - USB-C,,,,,98.5 g,,Bus USB,Lecteur à semi-conducteurs - externe (portable),,,,
11518265,KIOXIA EXCERIA PLUS G2,KIOXIA,SSD - chiffré - 1 To - externe (portable) - USB 3.2 Gen 2 (USB-C connecteur) - AES 256 bits - TCG Opal Encryption 2.01,140.05,AES 256 bits,,,,,1 To,3D BiCS Flash,,,,,,,Oui,,10 Gbps (USB 3.2 Gen 2x1),,,,Garantie de 3 ans,,USB 3.2 Gen 2 - USB-C,,,,,42 g,,Bus USB,Lecteur à semi-conducteurs - externe (portable),,,,
5737641,Samsung T7 2TB Grey,SAMSUNG,PC2T0T - SSD - chiffré - 2 To - externe (portable) - USB 3.2 Gen 2 (USB-C connecteur) - AES 256 bits - gris titan,186.52,AES 256 bits,,,,,2 To,"Dynamic Thermal Guard protection, antichoc, authentification du mot de passe, NVM Express (NVMe), AES 256 bits",,,,,,Gris titan,Oui,,"10,0 Gbps (USB 3.2 de 2e génération)",,,,Garantie de 3 ans,,USB 3.2 Gen 2 - USB-C,,,,,58 g,,Bus USB,Lecteur à semi-conducteurs - externe (portable),,,,
6157652,SanDisk Extreme Portable,SANDISK,SSD - chiffré - 2 To - externe (portable) - USB 3.2 Gen 2 - AES 256 bits,274.78,AES 256 bits,,,,,2 To,"Antipoussière, imperméable",,,,,,,Oui,,"10,0 Gbps (USB 3.2 de 2e génération)",,,,Garantie de 5 ans,,USB 3.2 Gen 2,,"Americas, Europe, Asie Pacifique, Australie, Amérique Latine, Moyen-Orient, Afrique",,,,,,Lecteur à semi-conducteurs - externe (portable),,,,
11771909,SanDisk Extreme Portable,SANDISK,SSD - 1 To - externe (portable) - USB 3.1 Gen 2 (USB-C connecteur) - pour Sony PlayStation 5,189.95,,,,,,1 To,"Antipoussière, imperméable, résistant aux chutes",,,,Sony PlayStation 5,,,,,,,,,Garantie de 5 ans,,USB 3.1 Gen 2 - USB-C,,,,,69.4 g,,,Lecteur à semi-conducteurs - externe (portable),,,,
8644959,Samsung SSD T9 2TB,SAMSUNG,PG2T0B - SSD - chiffré - 2 To - externe (portable) - USB 3.2 Gen 2x2 (USB-C connecteur) - AES 256 bits - noir,264.22,AES 256 bits,,,,,2 To,"Authentification du mot de passe, protection contre les chutes sur béton jusqu'à 3 m",,,,,,Noir,Oui,,20 Gbps (USB 3.2 Gen 2x2),,,,Garantie de 5 ans,,USB 3.2 Gen 2x2 - USB-C,,Europe,,,122 g,,Bus USB,Lecteur à semi-conducteurs - externe (portable),,,,
6977545,Kingston XS2000,KINGSTON,SSD - 2 To - externe (portable) - USB 3.2 Gen 2x2 (USB-C connecteur),247.16,,,,,,2 To,"Imperméable, antichoc, antipoussière",,,,,,,,,20 Gbps (USB 3.2 Gen 2x2),,,,Garantie de 5 ans,,USB 3.2 Gen 2x2 - USB-C,,,,,28.9 g,,Bus USB,Lecteur à semi-conducteurs - externe (portable),,,,
11771925,SanDisk Extreme Portable,SANDISK,SSD - 2 To - externe (portable) - USB 3.2 Gen 2 (USB-C connecteur),282.01,,,,,,2 To,"Antipoussière, imperméable, résistant aux chutes",,,,,,,,,"10,0 Gbps (USB 3.2 de 2e génération)",,,,Garantie de 5 ans,,USB 3.2 Gen 2 - USB-C,,,,,69.4 g,,,Lecteur à semi-conducteurs - externe (portable),,,,
7461839,Kingston IronKey Vault Privacy 80,KINGSTON,"SSD - chiffré - 960 Go - externe (portable) - USB 3.2 Gen 1 (USB-C connecteur) - 256-bit AES-XTS, FIPS 197 - Conformité TAA",419.3,"256-bit AES-XTS, FIPS 197",,,,,960 Go,"Fonction d'effacement sécurisé, Master and User Dual Passwords, écran couleur tactile, Lecture seule (protection en écriture) - Mode double, protection contre les attaques BadUSB, règles de mot passe personnalisables, Modes PIN/phrase secrète, Brute-Force Password Attack Protection, verrouillage automatique",Oui,,,,,,Oui,,,,,,Garantie de 3 ans,,USB 3.2 Gen 1 - USB-C,,,,,284.9 g,,Bus USB,Lecteur à semi-conducteurs - externe (portable),,,,
8644960,Samsung SSD T9 1TB,SAMSUNG,PG1T0B - SSD - chiffré - 1 To - externe (portable) - USB 3.2 Gen 2x2 (USB-C connecteur) - AES 256 bits - noir,153.25,AES 256 bits,,,,,1 To,"Authentification du mot de passe, protection contre les chutes sur béton jusqu'à 3 m",,,,,,Noir,Oui,,20 Gbps (USB 3.2 Gen 2x2),,,,Garantie de 5 ans,,USB 3.2 Gen 2x2 - USB-C,,Europe,,,122 g,,Bus USB,Lecteur à semi-conducteurs - externe (portable),,,,
11464545,SanDisk Extreme PRO,SANDISK,SSD - 2 To - externe (portable) - USB4 (USB-C connecteur),467.7,,,,,,2 To,"Antipoussière, imperméable, résistant aux liquides, résistant aux chutes",,,,,,,,,,,,,Garantie de 5 ans,,USB4 - USB-C,,Etats-Unis,,,172 g,,,Lecteur à semi-conducteurs - externe (portable),,,,
7625179,SanDisk Professional PRO-BLADE SSD Mag,SANDISK,BLADE SSD Mag - SSD - 1 To - externe (portable),275.38,,,,,,1 To,NVM Express (NVMe),,,,,,,,,,,,,Garantie de 5 ans,,,,,,,45.4 g,,,Lecteur à semi-conducteurs - externe (portable),,,,
7329005,Samsung T7 Shield 1TB Blue,SAMSUNG,PE1T0R - SSD - chiffré - 1 To - externe (portable) - USB 3.2 Gen 2 (USB-C connecteur) - AES 256 bits - bleu,157.37,AES 256 bits,,,,,1 To,Antichoc,,,,,,Bleu,Oui,,"10,0 Gbps (USB 3.2 de 2e génération)",,,,Garantie de 3 ans,,USB 3.2 Gen 2 - USB-C,,,,,98.5 g,,Bus USB,Lecteur à semi-conducteurs - externe (portable),,,,
5831448,WD My Passport SSD WDBAGF0010BGD,SANDISK,SSD - chiffré - 1 To - externe (portable) - USB 3.2 Gen 2 (USB-C connecteur) - AES 256 bits - or,171.35,AES 256 bits,,L'image du produit peut être d'une couleur différente,,,1 To,"Antichoc, authentification du mot de passe, sauvegarde automatique",,,,,,Or,Oui,,"10,0 Gbps (USB 3.2 de 2e génération)",,,,Garantie de 5 ans,,USB 3.2 Gen 2 - USB-C,,Monde entier (sauf la Chine),,,45.7 g,,Bus USB,Lecteur à semi-conducteurs - externe (portable),,,,
11789429,SanDisk Creator Pro,SANDISK,SSD - 1 To - externe (portable) - USB 3.2 Gen 2x2 (USB-C connecteur),220.82,,,,,,1 To,"Imperméable, résistant à la poussière",,,,,,,,,20 Gbps (USB 3.2 Gen 2x2),,,,Garantie de 5 ans,,USB 3.2 Gen 2x2 - USB-C,,,,,77.5 g,,,Lecteur à semi-conducteurs - externe (portable),,,,
7329002,Samsung T7 Shield 2 TB Beige,SAMSUNG,PE2T0K - SSD - chiffré - 2 To - externe (portable) - USB 3.2 Gen 2 (USB-C connecteur) - AES 256 bits - beige,271.35,AES 256 bits,,,,,2 To,Antichoc,,,,,,Beige,Oui,,"10,0 Gbps (USB 3.2 de 2e génération)",,,,Garantie de 3 ans,,USB 3.2 Gen 2 - USB-C,,,,,98.5 g,,Bus USB,Lecteur à semi-conducteurs - externe (portable),,,,
10424612,PNY RP60,PNY TECHNO,SSD - 1 To - externe (portable) - USB 3.2 Gen 2x2,79.24,,,,,,1 To,"Résistant aux chutes, boucle de clip, imperméable, antipoussière",,,,,,,,,,,,,Garantie de 3 ans,,USB 3.2 Gen 2x2,,,,,100 g,,,Lecteur à semi-conducteurs - externe (portable),,,,
6977544,Kingston XS2000,KINGSTON,SSD - 1 To - externe (portable) - USB 3.2 Gen 2x2 (USB-C connecteur),151.66,,,,,,1 To,"Imperméable, antichoc, antipoussière",,,,,,,,,20 Gbps (USB 3.2 Gen 2x2),,,,Garantie de 5 ans,,USB 3.2 Gen 2x2 - USB-C,,,,,28.9 g,,Bus USB,Lecteur à semi-conducteurs - externe (portable),,,,
5831431,WD My Passport SSD WDBAGF5000AGY,SANDISK,SSD - chiffré - 500 Go - externe (portable) - USB 3.2 Gen 2 (USB-C connecteur) - AES 256 bits - gris sidéral,149.47,AES 256 bits,,,,,500 Go,"NVM Express (NVMe), antichoc, amortissement des vibrations, authentification du mot de passe, sauvegarde automatique",,,,,,Gris sidéral,Oui,,"10,0 Gbps (USB 3.2 de 2e génération)",,,,Garantie de 5 ans,,USB 3.2 Gen 2 - USB-C,,Monde entier (sauf la Chine),,,45.7 g,,Bus USB,Lecteur à semi-conducteurs - externe (portable),,,,
9647452,Transcend ESD310,TRANSCEND,SSD - 2 To - externe (portable) - USB 3.2 Gen 2x1 (USB-C connecteur) - argent,263.29,,,,,,2 To,"3D NAND Technology, cache SLC, formatté avec le système de fichier exFAT",,,,,,Argent,,,10 Gbps (USB 3.2 Gen 2x1),,,,Garantie de 5 ans,,USB 3.2 Gen 2x1 - USB-C,,,,,11 g,,Bus USB,Lecteur à semi-conducteurs - externe (portable),,,,
5737638,Samsung SSD T7 2TB Blue,SAMSUNG,PC2T0H - SSD - chiffré - 2 To - externe (portable) - USB 3.2 Gen 2 (USB-C connecteur) - AES 256 bits - bleu indigo,186.52,AES 256 bits,,,,,2 To,"Dynamic Thermal Guard protection, antichoc, authentification du mot de passe, NVM Express (NVMe), AES 256 bits",,,,,,Bleu indigo,Oui,,"10,0 Gbps (USB 3.2 de 2e génération)",,,,Garantie de 3 ans,,USB 3.2 Gen 2 - USB-C,,,,,58 g,,Bus USB,Lecteur à semi-conducteurs - externe (portable),,,,
7461837,Kingston IronKey Vault Privacy 80,KINGSTON,"SSD - chiffré - 1920 Go - externe (portable) - USB 3.2 Gen 1 (USB-C connecteur) - 256-bit AES-XTS, FIPS 197 - Conformité TAA",640.05,"256-bit AES-XTS, FIPS 197",,,,,1920 Go,"Fonction d'effacement sécurisé, Master and User Dual Passwords, écran couleur tactile, Lecture seule (protection en écriture) - Mode double, protection contre les attaques BadUSB, règles de mot passe personnalisables, Modes PIN/phrase secrète, Brute-Force Password Attack Protection, verrouillage automatique",Oui,,,,,,Oui,,,,,,Garantie de 3 ans,,USB 3.2 Gen 1 - USB-C,,,,,289.5 g,,Bus USB,Lecteur à semi-conducteurs - externe (portable),,,,
6687495,WD_BLACK D30 for Xbox WDBAMF0010BBW,SANDISK,SSD - 1 To - externe (portable) - USB 3.0 (USB-C connecteur) - noir,170.94,,,,,,1 To,,,,,"Xbox One, Xbox One S, Xbox One S All-Digital Edition, Xbox One X, Xbox Series S, Xbox Series X",,Noir,,,,,,,Garantie de 3 ans,,USB 3.0 - USB-C,,Mondial,,,125 g,,Bus USB,Lecteur à semi-conducteurs - externe (portable),,,,
6157661,SanDisk Extreme Portable,SANDISK,SSD - chiffré - 1 To - externe (portable) - USB 3.2 Gen 2 - AES 256 bits,176.66,AES 256 bits,,,,,1 To,"Antipoussière, imperméable",,,,,,,Oui,,"10,0 Gbps (USB 3.2 de 2e génération)",,,,Garantie de 5 ans,,USB 3.2 Gen 2,,"Americas, Europe, Asie Pacifique, Australie, Amérique Latine, Moyen-Orient, Afrique",,,,,,Lecteur à semi-conducteurs - externe (portable),,,,
7625185,SanDisk Professional PRO-BLADE TRANSPORT,SANDISK,BLADE TRANSPORT - SSD - 4 To - externe (portable) - USB 3.2 Gen 2x2 (USB-C connecteur),1026.8,,,,,,4 To,"Résistant à l'écrasement, dissipateur de chaleur intégré",,,,,,,,,20 Gbps (USB 3.2 Gen 2x2),,,,Garantie de 5 ans,,USB 3.2 Gen 2x2 - USB-C,,,,,,,,Lecteur à semi-conducteurs - externe (portable),,,,
8686807,Integral SLIMXPRESS,INTEGRAL,SSD - 2 To - externe (portable) - USB 3.2 Gen 2x1 - noir,174.12,,,,,,2 To,,,,,,,Noir,,,,,,,4 ans de garantie,,USB 3.2 Gen 2x1,,,,,43 g,,,Lecteur à semi-conducteurs - externe (portable),,,,
9850174,Integral SLIMXPRESS PRO,INTEGRAL,SSD - 4 To - externe (portable) - USB 3.2 Gen 2x2 (USB-C connecteur) - noir,328.9,,,,,,4 To,,,,,,,Noir,,,20 Gbps (USB 3.2 Gen 2x2),,,,4 ans de garantie,,USB 3.2 Gen 2x2 - USB-C,,,,,20 g,,Bus USB,Lecteur à semi-conducteurs - externe (portable),,,,
7625182,SanDisk Professional PRO-BLADE TRANSPORT,SANDISK,BLADE TRANSPORT - SSD - 1 To - externe (portable) - USB 3.2 Gen 2x2 (USB-C connecteur),381.3,,,,,,1 To,"Résistant à l'écrasement, dissipateur de chaleur intégré",,,,,,,,,20 Gbps (USB 3.2 Gen 2x2),,,,Garantie de 5 ans,,USB 3.2 Gen 2x2 - USB-C,,,,,,,,Lecteur à semi-conducteurs - externe (portable),,,,
7779357,SanDisk Professional PRO-G40,SANDISK,G40 - SSD - 1 To - externe (portable) - USB 3.2 Gen 2 / Thunderbolt 3 (USB-C connecteur),540.69,,,,,,1 To,"Robuste, double mode, compatible avec Apple Time Machine, NVM Express (NVMe), protection contre les chutes sur béton jusqu'à 3 m, résistant à l'écrasement, résistant à la poussière, imperméable, antichoc, amortissement des vibrations",,,,,,,,,40 Gbits/s (Thunderbolt 3),,,,Garantie de 5 ans,,USB 3.2 Gen 2 / Thunderbolt 3 - USB-C,,Mondial,,,121.2 g,,"Bus USB, Thunderbolt bus",Lecteur à semi-conducteurs - externe (portable),,,,
8686804,Integral SLIMXPRESS,INTEGRAL,SSD - 4 To - externe (portable) - USB 3.2 Gen 2x1 - noir,300.06,,,,,,4 To,,,,,,,Noir,,,,,,,4 ans de garantie,,USB 3.2 Gen 2x1,,,,,43 g,,,Lecteur à semi-conducteurs - externe (portable),,,,
7436143,WD_BLACK P40 Game Drive SSD WDBAWY0020BBK,SANDISK,"SSD - 2 To - externe (portable) - USB 3.2 Gen 2x2 (USB-C connecteur) - noir - pour Xbox One, Xbox Series S, Xbox Series X; Sony PlayStation 4 Pro, Sony PlayStation 5",319.83,,,,,,2 To,"Lumière RGB, antichoc",,,,"Xbox One, Xbox Series S, Xbox Series X; Sony PlayStation 4 Pro, Sony PlayStation 5",,Noir,,,20 Gbps (USB 3.2 Gen 2x2),,,,Garantie de 5 ans,,USB 3.2 Gen 2x2 - USB-C,,Mondial,,,78.5 g,,Bus USB,Lecteur à semi-conducteurs - externe (portable),,,,
7625181,SanDisk Professional PRO-BLADE,SANDISK,BLADE - Boitier externe - USB 3.2 (Gen 2x2),125.94,,Disque SSD,,,,,,,"Windows 10, Apple MacOS 10.13 ou plus récent",,,,,,,20 Gbit / s,Dissipateur thermique intégré,,,Garantie de 5 ans,,,,,,,,,Bus USB,,USB 3.2 (Gen 2x2),,,
7436144,WD_BLACK P40 Game Drive SSD WDBAWY0010BBK,SANDISK,SSD - 1 To - externe (portable) - USB 3.2 Gen 2x2 (USB-C connecteur) - noir,205.63,,,,,,1 To,"Lumière RGB, antichoc",,,,,,Noir,,,20 Gbps (USB 3.2 Gen 2x2),,,,Garantie de 5 ans,,USB 3.2 Gen 2x2 - USB-C,,Mondial,,,78.5 g,,Bus USB,Lecteur à semi-conducteurs - externe (portable),,,,
5831450,WD My Passport SSD WDBAGF0020BBL,SANDISK,SSD - chiffré - 2 To - externe (portable) - USB 3.2 Gen 2 (USB-C connecteur) - AES 256 bits - bleu nuit,266.52,AES 256 bits,,L'image du produit peut être d'une couleur différente,,,2 To,"Antichoc, authentification du mot de passe, sauvegarde automatique",,,,,,Bleu nuit,Oui,,"10,0 Gbps (USB 3.2 de 2e génération)",,,,Garantie de 5 ans,,USB 3.2 Gen 2 - USB-C,,Monde entier (sauf la Chine),,,45.7 g,,Bus USB,Lecteur à semi-conducteurs - externe (portable),,,,
9647450,Transcend ESD300,TRANSCEND,SSD - 2 To - externe (portable) - USB 3.2 Gen 2x1 (USB-C connecteur) - rose,263.29,,,,,,2 To,"3D NAND Technology, formatté avec le système de fichier exFAT, ECC (Error Correction Code, code de correction d'erreur), cache SLC",,,,,,Rose,,,10 Gbps (USB 3.2 Gen 2x1),,,,Garantie de 5 ans,,USB 3.2 Gen 2x1 - USB-C,,,,,9 g,,Bus USB,Lecteur à semi-conducteurs - externe (portable),,,,
4782952,StarTech.com Convertisseur USB vers mSATA pour Raspberry Pi et les cartes de développement,STARTECH,Adaptateur USB vers mini SATA - Contrôleur de stockage - M.2 Card - USB 2.0 - rouge,31.99,,Disque SSD,,,,,,,,,,Rouge,,,,,,,,Garantie de 2 ans,,M.2 Card,,,,,21.8 g,,,,USB 2.0,,,
10278541,Kingston IronKey Vault Privacy 80,KINGSTON,"SSD - chiffré - 3840 Go - externe (portable) - USB 3.2 Gen 1 (USB-C connecteur) - 256-bit AES-XTS, FIPS 197 - Conformité TAA",1023.94,"256-bit AES-XTS, FIPS 197",,,,,3840 Go,"Écran couleur tactile, règles de mot passe personnalisables, Master and User Dual Passwords, Modes PIN/phrase secrète, Lecture seule (protection en écriture) - Mode double, verrouillage automatique, protection contre les attaques BadUSB, Brute-Force Password Attack Protection, fonction d'effacement sécurisé",Oui,,,,,,Oui,,,,,,Garantie de 3 ans,,USB 3.2 Gen 1 - USB-C,,,,,,,Bus USB,Lecteur à semi-conducteurs - externe (portable),,,,
11789423,SanDisk Creator DESK DRIVE,SANDISK,SSD - 8 To - externe (de bureau) - USB 3.2 Gen 2 (USB-C connecteur) - Dégradé bleu,1068.64,,,,,,8 To,"Compatible avec Apple Time Machine, formatté avec le système de fichier exFAT",,,,,,Dégradé bleu,,,"10,0 Gbps (USB 3.2 de 2e génération)",,,,Garantie de 3 ans,,USB 3.2 Gen 2 - USB-C,,,,,249.6 g,,Adaptateur CA inclus,Lecteur à semi-conducteurs - externe (de bureau),,,,
6157639,WD My Passport WDBAGF0020BGD,SANDISK,SSD - chiffré - 2 To - externe (portable) - USB 3.2 Gen 2 (USB-C connecteur) - AES 256 bits - or,266.52,AES 256 bits,,L'image du produit peut être d'une couleur différente,,,2 To,"Antichoc, authentification du mot de passe, sauvegarde automatique",,,,,,Or,Oui,,"10,0 Gbps (USB 3.2 de 2e génération)",,,,Garantie de 5 ans,,USB 3.2 Gen 2 - USB-C,,Monde entier (sauf la Chine),,,45.7 g,,Bus USB,Lecteur à semi-conducteurs - externe (portable),,,,
8626142,Crucial X10 Pro,MICRON,SSD - chiffré - 1 To - externe (portable) - USB 3.2 Gen 2 (USB-C connecteur) - AES 256 bits,215.22,AES 256 bits,,,,,1 To,"Antipoussière, imperméable, compatible PlayStation, compatible Xbox, indicateur d'état DEL",,,,,,,Oui,,20 Gbps (USB 3.2 Gen 2x2),,,,Garantie de 5 ans,,USB 3.2 Gen 2 - USB-C,,,,,42 g,,Bus USB,Lecteur à semi-conducteurs - externe (portable),,,3 bits par cellule (TLC),
11826879,SanDisk Extreme Portable V2,SANDISK,SSD - chiffré - 2 To - externe (portable) - USB 3.2 Gen 2 (USB-C connecteur) - AES 256 bits - bleu ciel,274.78,AES 256 bits,,,,,2 To,"Imperméable, antipoussière, antichoc, épreuve par rayons X, boucle de mousqueton, AES 256 bits",,,,,,Bleu ciel,Oui,,"10,0 Gbps (USB 3.2 de 2e génération)",,,,Garantie de 5 ans,,USB 3.2 Gen 2 - USB-C,,,,,,,,Lecteur à semi-conducteurs - externe (portable),,,,
6302110,WD My Passport SSD WDBAGF0040BGY,SANDISK,SSD - chiffré - 4 To - externe (portable) - USB 3.2 Gen 2 (USB-C connecteur) - AES 256 bits - gris,515.29,AES 256 bits,,,,,4 To,"Antichoc, authentification du mot de passe, sauvegarde automatique",,,,,,Gris,Oui,,"10,0 Gbps (USB 3.2 de 2e génération)",,,,Garantie de 5 ans,,USB 3.2 Gen 2 - USB-C,,Monde entier (sauf la Chine),,,,,Bus USB,Lecteur à semi-conducteurs - externe (portable),,,,
5831446,WD My Passport SSD WDBAGF0020BRD,SANDISK,SSD - chiffré - 2 To - externe (portable) - USB 3.2 Gen 2 (USB-C connecteur) - AES 256 bits - rouge,266.52,AES 256 bits,,L'image du produit peut être d'une couleur différente,,,2 To,"Antichoc, authentification du mot de passe, sauvegarde automatique",,,,,,Rouge,Oui,,"10,0 Gbps (USB 3.2 de 2e génération)",,,,Garantie de 5 ans,,USB 3.2 Gen 2 - USB-C,,Monde entier (sauf la Chine),,,45.7 g,,Bus USB,Lecteur à semi-conducteurs - externe (portable),,,,
5831472,WD My Passport SSD WDBAGF0020BGY,SANDISK,SSD - chiffré - 2 To - externe (portable) - USB 3.2 Gen 2 (USB-C connecteur) - AES 256 bits - gris sidéral,266.52,AES 256 bits,,,,,2 To,"Antichoc, authentification du mot de passe, sauvegarde automatique, NVM Express (NVMe), amortissement des vibrations",,,,,,Gris sidéral,Oui,,"10,0 Gbps (USB 3.2 de 2e génération)",,,,Garantie de 5 ans,,USB 3.2 Gen 2 - USB-C,,Monde entier (sauf la Chine),,,45.7 g,,Bus USB,Lecteur à semi-conducteurs - externe (portable),,,,
11789431,SanDisk Creator DESK DRIVE,SANDISK,SSD - 4 To - externe (de bureau) - USB 3.2 Gen 2 (USB-C connecteur) - Dégradé bleu,567.83,,,,,,4 To,"Compatible avec Apple Time Machine, formatté avec le système de fichier exFAT",,,,,,Dégradé bleu,,,"10,0 Gbps (USB 3.2 de 2e génération)",,,,Garantie de 3 ans,,USB 3.2 Gen 2 - USB-C,,,,,249.6 g,,Adaptateur CA inclus,Lecteur à semi-conducteurs - externe (de bureau),,,,
6331219,Sandisk SSD Portable 480Go USB3.2,SANDISK,Sandisk SSD Externe (Portable) -  480Go - USB3.2,112.79,,,,,,480 Go,,,,,,,,,,,,,,Garantie de 3 ans,,USB 3.2,,,,,,,,Lecteur à semi-conducteurs - externe (portable),,,,
9647456,Transcend ESD300C,TRANSCEND,SSD - 2 To - externe (portable) - USB 3.2 Gen 2x1 (USB-C connecteur) - bleu ciel,263.29,,,,,,2 To,"3D NAND Technology, cache SLC, formatté avec le système de fichier exFAT, ECC (Error Correction Code, code de correction d'erreur)",,,,,,Bleu ciel,,,10 Gbps (USB 3.2 Gen 2x1),,,,Garantie de 5 ans,,USB 3.2 Gen 2x1 - USB-C,,,,,9 g,,Bus USB,Lecteur à semi-conducteurs - externe (portable),,,,
4761812,Verbatim Vx500,VERBATIM,SSD - 120 Go - externe (portable) - USB 3.1 Gen 2 (USB-C connecteur) - gris sidéral,31.71,,,,,,120 Go,,,,,,,Gris sidéral,,,10.0 Gbps (USB 3.1),,,,Garantie de 2 ans,,USB 3.1 Gen 2 - USB-C,,,,,29 g,,Bus USB,Lecteur à semi-conducteurs - externe (portable),,,,
4761814,Verbatim Vx500,VERBATIM,SSD - 240 Go - externe (portable) - USB 3.1 Gen 2 (USB-C connecteur) - gris sidéral,36.24,,,,,,240 Go,,,,,,,Gris sidéral,,,10.0 Gbps (USB 3.1),,,,Garantie de 2 ans,,USB 3.1 Gen 2 - USB-C,,,,,29 g,,Bus USB,Lecteur à semi-conducteurs - externe (portable),,,,
3124601,Verbatim Vx450,VERBATIM,SSD - 128 Go - externe (portable) - USB 3.0 - noir brillant,109.9,,,,,,128 Go,Antichoc,,,,,,Noir brillant,,,5.0 Gbps (USB 3.0),,,,,,USB 3.0,,,,,,,Bus USB,Lecteur à semi-conducteurs - externe (portable),,,,
8686805,Integral SlimXpress,INTEGRAL,SSD - 500 Go - externe (portable) - USB 3.2 Gen 1 (USB-C connecteur) - noir,46.15,,,,,,500 Go,,,,,,,Noir,,,,,,,4 ans de garantie,,USB 3.2 Gen 1 - USB-C,,,,,43 g,,Bus USB,Lecteur à semi-conducteurs - externe (portable),,,,
8543257,SanDisk Portable,SANDISK,SSD - 1 To - externe (portable) - USB 3.2 Gen 2 (USB-C connecteur),134.95,,,,,,1 To,"Antichoc, boucle de mousqueton",,,,,,,,,"10,0 Gbps (USB 3.2 de 2e génération)",,,,Garantie de 3 ans,,USB 3.2 Gen 2 - USB-C,,,,,,,,Lecteur à semi-conducteurs - externe (portable),,,,
6335716,WD_Black P50 Game Drive SSD WDBA3S0040BBK,SANDISK,SSD - 4 To - externe (portable) - USB 3.2 Gen 2x2 (USB-C connecteur),618.35,,,,,,4 To,,,,,,,,,,20 Gbps (USB 3.2 Gen 2x2),,,,Garantie de 5 ans,,USB 3.2 Gen 2x2 - USB-C,,,,,,,Bus USB,Lecteur à semi-conducteurs - externe (portable),,,,
6335723,SanDisk Portable,SANDISK,SSD - 2 To - externe (portable) - USB 3.2 Gen 2 (USB-C connecteur),277.0,,,,,,2 To,Antichoc,,,,,,,,,,,,,Garantie de 3 ans,,USB 3.2 Gen 2 - USB-C,,,,,,,,Lecteur à semi-conducteurs - externe (portable),,,,
6861743,LaCie Rugged SSD Pro STHZ4000800,SEAGATE,SSD - 4 To - externe (portable) - USB 3.1 Gen 1 / Thunderbolt 3 (USB-C connecteur) - avec Seagate Rescue Data Recovery,1695.4,,,,,,4 To,"Imperméable, antipoussière, robuste, NVM Express (NVMe)",,,,,,,,,,,,Seagate Rescue Data Recovery,Garantie de 5 ans,,USB 3.1 Gen 1 / Thunderbolt 3 - USB-C,,Mondial,,,100 g,,"Bus USB, Thunderbolt bus",Lecteur à semi-conducteurs - externe (portable),,,,
6861744,SSD robuste LaCie STHR4000800,SEAGATE,SSD - chiffré - 4 To - externe (portable) - USB 3.2 Gen 2 / Thunderbolt 3 (USB-C connecteur) - Self-Encrypting Drive (SED) - avec Seagate Rescue Data Recovery,1331.09,,,,,,4 To,"Imperméable, antipoussière, robuste, NVM Express (NVMe), Seagate Secure",,,,,,,Oui,,,,,Seagate Rescue Data Recovery,Garantie de 5 ans,,USB 3.2 Gen 2 / Thunderbolt 3 - USB-C,,Mondial,,,100 g,,"Bus USB, Thunderbolt bus",Lecteur à semi-conducteurs - externe (portable),,,,
11826878,SanDisk Extreme Portable V2,SANDISK,SSD - chiffré - 4 To - externe (portable) - USB 3.2 Gen 2 (USB-C connecteur) - AES 256 bits - bleu ciel,515.29,AES 256 bits,,,,,4 To,"Imperméable, antipoussière, antichoc, épreuve par rayons X, boucle de mousqueton, AES 256 bits",,,,,,Bleu ciel,Oui,,"10,0 Gbps (USB 3.2 de 2e génération)",,,,Garantie de 5 ans,,USB 3.2 Gen 2 - USB-C,,,,,,,,Lecteur à semi-conducteurs - externe (portable),,,,
11826880,SanDisk Extreme,SANDISK,SSD - chiffré - 1 To - externe (portable) - USB 3.2 Gen 2 (USB-C connecteur) - AES 256 bits - bleu ciel,176.66,AES 256 bits,,,,,1 To,"Imperméable, antipoussière, antichoc, épreuve par rayons X, boucle de mousqueton, AES 256 bits",,,,,,Bleu ciel,Oui,,"10,0 Gbps (USB 3.2 de 2e génération)",,,,Garantie de 5 ans,,USB 3.2 Gen 2 - USB-C,,,,,,,,Lecteur à semi-conducteurs - externe (portable),,,,
6302111,SanDisk Extreme Portable V2,SANDISK,SSD - 4 To - externe (portable) - USB 3.2 Gen 2 - AES 256 bits - noir,515.29,AES 256 bits,,,,,4 To,"NVM Express (NVMe), imperméable, antipoussière",,,,,,Noir,,,,,,,Garantie de 5 ans,,USB 3.2 Gen 2,,,,,52 g,,,Lecteur à semi-conducteurs - externe (portable),,,,
6302112,SanDisk Extreme PRO Portable V2,SANDISK,SSD - 4 To - externe (portable) - USB 3.2 Gen 2x2 - AES 256 bits,618.35,AES 256 bits,,,,,4 To,"NVM Express (NVMe), imperméable, antipoussière",,,,,,,,,,,,,Garantie de 5 ans,,USB 3.2 Gen 2x2,,,,,77.5 g,,,Lecteur à semi-conducteurs - externe (portable),,,,
11558643,SanDisk Fortnite,SANDISK,Peely Edition - SSD - 2 To - externe (portable) - USB 3.2 Gen 2,228.93,,,,,,2 To,"Résistant aux chutes, courroie en caoutchouc intégrée",,,,,,,,,,,,,Garantie de 3 ans,,USB 3.2 Gen 2,,Etats-Unis,,,40 g,,,Lecteur à semi-conducteurs - externe (portable),,,,
5831444,WD My Passport SSD WDBAGF0010BGY,SANDISK,SSD - chiffré - 1 To - externe (portable) - USB 3.2 Gen 2 (USB-C connecteur) - AES 256 bits - gris sidéral,171.35,AES 256 bits,,,,,1 To,"NVM Express (NVMe), antichoc, amortissement des vibrations, authentification du mot de passe, sauvegarde automatique",,,,,,Gris sidéral,Oui,,"10,0 Gbps (USB 3.2 de 2e génération)",,,,Garantie de 5 ans,,USB 3.2 Gen 2 - USB-C,,Monde entier (sauf la Chine),,,45.7 g,,Bus USB,Lecteur à semi-conducteurs - externe (portable),,,3D triple-level cell (TLC),
10281651,Transcend ESD410C,TRANSCEND,SSD - chiffré - 2 To - externe (portable) - USB (USB-C connecteur) - AES 256 bits - bleu foncé,265.04,AES 256 bits,,,,,2 To,"Protection contre les chutes sur béton jusqu'à 3 m, cache SLC, robuste, imperméable, trou de sangle, formatté avec le système de fichier exFAT, 3D NAND Technology",,,,,,Bleu foncé,Oui,,20 Gbps (USB 3.2 Gen 2x2),,,,Garantie de 5 ans,,USB - USB-C,,,,,65 g,,Bus USB,Lecteur à semi-conducteurs - externe (portable),,,,
5672776,Lenovo,LENOVO,SSD - chiffré - 256 Go - interne - M.2 2280 - SATA 6Gb/s - TCG Opal Encryption 2.0 - pour ThinkPad T480s,99.0,,,,,,256 Go,,,,,ThinkPad T480s,,,Oui,,,,M.2 2280,,,,SATA 6Gb/s,,,,,,,,Lecteur à semi-conducteurs - interne,,,,
10281655,Transcend ESD320A,TRANSCEND,SSD - chiffré - 1 To - externe (portable) - USB 3.2 Gen 2x1 - AES 256 bits - gris doux,122.48,AES 256 bits,,,,,1 To,"Connecteur rétractable, cache SLC, Code de correction d'erreur étendue (ECC), trou de sangle, formatté avec le système de fichier exFAT, 3D NAND Technology",,,,,,Gris doux,Oui,,"10,0 Gbps (USB 3.2 de 2e génération)",,,,Garantie de 5 ans,,USB 3.2 Gen 2x1,,,,,26 g,,Bus USB,Lecteur à semi-conducteurs - externe (portable),,,,
5081015,Verbatim Store 'n' Go Portable,VERBATIM,SSD - 480 Go - externe (portable) - USB 3.1 Gen 1 (USB-C connecteur),76.14,,,,,,480 Go,,,,,,,,,,5.0 Gbps (USB 3.0),,,,,,USB 3.1 Gen 1 - USB-C,,,,,98 g,,Bus USB,Lecteur à semi-conducteurs - externe (portable),,,,
9647454,Transcend ESD300C,TRANSCEND,SSD - 1 To - externe (portable) - USB 3.2 Gen 2x1 (USB-C connecteur) - bleu ciel,130.16,,,,,,1 To,"3D NAND Technology, cache SLC, formatté avec le système de fichier exFAT, ECC (Error Correction Code, code de correction d'erreur)",,,,,,Bleu ciel,,,10 Gbps (USB 3.2 Gen 2x1),,,,Garantie de 5 ans,,USB 3.2 Gen 2x1 - USB-C,,,,,9 g,,Bus USB,Lecteur à semi-conducteurs - externe (portable),,,,
9647455,Transcend ESD300S,TRANSCEND,SSD - 1 To - externe (portable) - USB 3.2 Gen 2x1 (USB-C connecteur) - argent,130.16,,,,,,1 To,"3D NAND Technology, cache SLC, formatté avec le système de fichier exFAT, ECC (Error Correction Code, code de correction d'erreur)",,,,,,Argent,,,10 Gbps (USB 3.2 Gen 2x1),,,,Garantie de 5 ans,,USB 3.2 Gen 2x1 - USB-C,,,,,9 g,,Bus USB,Lecteur à semi-conducteurs - externe (portable),,,,
9647457,Transcend ESD300C,TRANSCEND,SSD - 512 Go - externe (portable) - USB 3.2 Gen 2x1 (USB-C connecteur) - bleu ciel,76.87,,,,,,512 Go,"3D NAND Technology, cache SLC, formatté avec le système de fichier exFAT, ECC (Error Correction Code, code de correction d'erreur)",,,,,,Bleu ciel,,,10 Gbps (USB 3.2 Gen 2x1),,,,Garantie de 5 ans,,USB 3.2 Gen 2x1 - USB-C,,,,,9 g,,Bus USB,Lecteur à semi-conducteurs - externe (portable),,,,
9647458,Transcend ESD300,TRANSCEND,SSD - 1 To - externe (portable) - USB 3.2 Gen 2x1 (USB-C connecteur) - rose,130.16,,,,,,1 To,"3D NAND Technology, formatté avec le système de fichier exFAT, ECC (Error Correction Code, code de correction d'erreur), cache SLC",,,,,,Rose,,,10 Gbps (USB 3.2 Gen 2x1),,,,Garantie de 5 ans,,USB 3.2 Gen 2x1 - USB-C,,,,,9 g,,Bus USB,Lecteur à semi-conducteurs - externe (portable),,,,
9729974,Synology BeeDrive,SYNOLOGY,SSD - 4 To - externe (portable) - USB 3.2 Gen 2 (USB-C connecteur),299.95,,,,,,4 To,Indicateur d'état DEL,,,,,,,,,"10,0 Gbps (USB 3.2 de 2e génération)",,,,Garantie de 3 ans,,USB 3.2 Gen 2 - USB-C,,,,,43.1 g,,Bus USB,Lecteur à semi-conducteurs - externe (portable),,,,
11558643,SanDisk Fortnite,SANDISK,Peely Edition - SSD - 2 To - externe (portable) - USB 3.2 Gen 2,228.93,,,,,,2 To,"Résistant aux chutes, courroie en caoutchouc intégrée",,,,,,,,,,,,,Garantie de 3 ans,,USB 3.2 Gen 2,,Etats-Unis,,,40 g,,,Lecteur à semi-conducteurs - externe (portable),,,,
6861743,LaCie Rugged SSD Pro STHZ4000800,SEAGATE,SSD - 4 To - externe (portable) - USB 3.1 Gen 1 / Thunderbolt 3 (USB-C connecteur) - avec Seagate Rescue Data Recovery,1695.4,,,,,,4 To,"Imperméable, antipoussière, robuste, NVM Express (NVMe)",,,,,,,,,,,,Seagate Rescue Data Recovery,Garantie de 5 ans,,USB 3.1 Gen 1 / Thunderbolt 3 - USB-C,,Mondial,,,100 g,,"Bus USB, Thunderbolt bus",Lecteur à semi-conducteurs - externe (portable),,,,
6861744,SSD robuste LaCie STHR4000800,SEAGATE,SSD - chiffré - 4 To - externe (portable) - USB 3.2 Gen 2 / Thunderbolt 3 (USB-C connecteur) - Self-Encrypting Drive (SED) - avec Seagate Rescue Data Recovery,1331.09,,,,,,4 To,"Imperméable, antipoussière, robuste, NVM Express (NVMe), Seagate Secure",,,,,,,Oui,,,,,Seagate Rescue Data Recovery,Garantie de 5 ans,,USB 3.2 Gen 2 / Thunderbolt 3 - USB-C,,Mondial,,,100 g,,"Bus USB, Thunderbolt bus",Lecteur à semi-conducteurs - externe (portable),,,,
11826878,SanDisk Extreme Portable V2,SANDISK,SSD - chiffré - 4 To - externe (portable) - USB 3.2 Gen 2 (USB-C connecteur) - AES 256 bits - bleu ciel,515.29,AES 256 bits,,,,,4 To,"Imperméable, antipoussière, antichoc, épreuve par rayons X, boucle de mousqueton, AES 256 bits",,,,,,Bleu ciel,Oui,,"10,0 Gbps (USB 3.2 de 2e génération)",,,,Garantie de 5 ans,,USB 3.2 Gen 2 - USB-C,,,,,,,,Lecteur à semi-conducteurs - externe (portable),,,,
11826880,SanDisk Extreme,SANDISK,SSD - chiffré - 1 To - externe (portable) - USB 3.2 Gen 2 (USB-C connecteur) - AES 256 bits - bleu ciel,176.66,AES 256 bits,,,,,1 To,"Imperméable, antipoussière, antichoc, épreuve par rayons X, boucle de mousqueton, AES 256 bits",,,,,,Bleu ciel,Oui,,"10,0 Gbps (USB 3.2 de 2e génération)",,,,Garantie de 5 ans,,USB 3.2 Gen 2 - USB-C,,,,,,,,Lecteur à semi-conducteurs - externe (portable),,,,
5831444,WD My Passport SSD WDBAGF0010BGY,SANDISK,SSD - chiffré - 1 To - externe (portable) - USB 3.2 Gen 2 (USB-C connecteur) - AES 256 bits - gris sidéral,171.35,AES 256 bits,,,,,1 To,"NVM Express (NVMe), antichoc, amortissement des vibrations, authentification du mot de passe, sauvegarde automatique",,,,,,Gris sidéral,Oui,,"10,0 Gbps (USB 3.2 de 2e génération)",,,,Garantie de 5 ans,,USB 3.2 Gen 2 - USB-C,,Monde entier (sauf la Chine),,,45.7 g,,Bus USB,Lecteur à semi-conducteurs - externe (portable),,,3D triple-level cell (TLC),
10281651,Transcend ESD410C,TRANSCEND,SSD - chiffré - 2 To - externe (portable) - USB (USB-C connecteur) - AES 256 bits - bleu foncé,265.04,AES 256 bits,,,,,2 To,"Protection contre les chutes sur béton jusqu'à 3 m, cache SLC, robuste, imperméable, trou de sangle, formatté avec le système de fichier exFAT, 3D NAND Technology",,,,,,Bleu foncé,Oui,,20 Gbps (USB 3.2 Gen 2x2),,,,Garantie de 5 ans,,USB - USB-C,,,,,65 g,,Bus USB,Lecteur à semi-conducteurs - externe (portable),,,,
5672776,Lenovo,LENOVO,SSD - chiffré - 256 Go - interne - M.2 2280 - SATA 6Gb/s - TCG Opal Encryption 2.0 - pour ThinkPad T480s,99.0,,,,,,256 Go,,,,,ThinkPad T480s,,,Oui,,,,M.2 2280,,,,SATA 6Gb/s,,,,,,,,Lecteur à semi-conducteurs - interne,,,,
6302111,SanDisk Extreme Portable V2,SANDISK,SSD - 4 To - externe (portable) - USB 3.2 Gen 2 - AES 256 bits - noir,515.29,AES 256 bits,,,,,4 To,"NVM Express (NVMe), imperméable, antipoussière",,,,,,Noir,,,,,,,Garantie de 5 ans,,USB 3.2 Gen 2,,,,,52 g,,,Lecteur à semi-conducteurs - externe (portable),,,,
6302112,SanDisk Extreme PRO Portable V2,SANDISK,SSD - 4 To - externe (portable) - USB 3.2 Gen 2x2 - AES 256 bits,618.35,AES 256 bits,,,,,4 To,"NVM Express (NVMe), imperméable, antipoussière",,,,,,,,,,,,,Garantie de 5 ans,,USB 3.2 Gen 2x2,,,,,77.5 g,,,Lecteur à semi-conducteurs - externe (portable),,,,
7444242,Cisco,CISCO,"Module transmetteur SFP (mini-GBIC) - 1GbE - 1000Base-SX - remanufacturé - pour vEdge 1000, 100B, 100M, 100WM, 2000, 5000",319.45,,,,,,,,,,,"vEdge 1000, 100B, 100M, 100WM, 2000, 5000",,,,,,,Module enfichable,,Garantie de 3 ans,,,,,,,,1GbE,,,,1000Base-SX,,Remanufacturé
5081015,Verbatim Store 'n' Go Portable,VERBATIM,SSD - 480 Go - externe (portable) - USB 3.1 Gen 1 (USB-C connecteur),76.14,,,,,,480 Go,,,,,,,,,,5.0 Gbps (USB 3.0),,,,,,USB 3.1 Gen 1 - USB-C,,,,,98 g,,Bus USB,Lecteur à semi-conducteurs - externe (portable),,,,
11789428,SanDisk Creator Pro,SANDISK,SSD - 2 To - externe (portable) - USB 3.2 Gen 2x2 (USB-C connecteur),370.95,,,,,,2 To,"Imperméable, résistant à la poussière",,,,,,,,,20 Gbps (USB 3.2 Gen 2x2),,,,Garantie de 5 ans,,USB 3.2 Gen 2x2 - USB-C,,,,,77.5 g,,,Lecteur à semi-conducteurs - externe (portable),,,,
11789419,SanDisk Creator Pro,SANDISK,SSD - 4 To - externe (portable) - USB 3.2 Gen 2x2 (USB-C connecteur),616.39,,,,,,4 To,"Imperméable, résistant à la poussière",,,,,,,,,20 Gbps (USB 3.2 Gen 2x2),,,,Garantie de 5 ans,,USB 3.2 Gen 2x2 - USB-C,,,,,77.5 g,,,Lecteur à semi-conducteurs - externe (portable),,,,
9816117,Verbatim Vx500,VERBATIM,SSD - 1 To - externe (portable) - USB 3.2 Gen 2 (USB-C connecteur) - gris sidéral,72.49,,,,,,1 To,,,,,,,Gris sidéral,,,,,,,Garantie de 2 ans,,USB 3.2 Gen 2 - USB-C,,,,,29 g,,Bus USB,Lecteur à semi-conducteurs - externe (portable),,,,
11622078,SanDisk Fortnite,SANDISK,Peely Edition - SSD - 1 To - externe (portable) - USB 3.2 Gen 2,146.98,,,,,,1 To,"Résistant aux chutes, courroie en caoutchouc intégrée",,,,,,,,,,,,,Garantie de 3 ans,,USB 3.2 Gen 2,,Etats-Unis,,,40 g,,,Lecteur à semi-conducteurs - externe (portable),,,,
5445241,Verbatim Vx500,VERBATIM,SSD - 480 Go - externe (portable) - USB 3.1 Gen 2 (USB-C connecteur) - gris sidéral,44.4,,,,,,480 Go,,,,,,,Gris sidéral,,,10.0 Gbps (USB 3.1),,,,Garantie de 2 ans,,USB 3.1 Gen 2 - USB-C,,,,,29 g,,Bus USB,Lecteur à semi-conducteurs - externe (portable),,,,
2518748,Verbatim Store 'n' Go External SSD,VERBATIM,SSD - 128 Go - externe (portable) - USB 3.0 - noir brillant,99.9,,,,,,128 Go,Robuste,,,,,,Noir brillant,,,5.0 Gbps (USB 3.0),,,,Garantie de 2 ans,,USB 3.0,,,,,42 g,,Bus USB,Lecteur à semi-conducteurs - externe (portable),,,,
9821946,Crucial X9 Pro for Mac,MICRON,SSD - 2 To - externe (portable) - USB 3.2 Gen 2 (USB-C connecteur),293.96,,,,,,2 To,"Antipoussière, imperméable, compatible avec Apple FileVault, indicateur d'état DEL",,,,,,,,,"10,0 Gbps (USB 3.2 de 2e génération)",,,,,,USB 3.2 Gen 2 - USB-C,,,,,,,Bus USB,Lecteur à semi-conducteurs - externe (portable),,,3 bits par cellule (TLC),
9821947,Crucial X9 Pro for Mac,MICRON,SSD - 1 To - externe (portable) - USB 3.2 Gen 2 (USB-C connecteur),187.21,,,,,,1 To,"Antipoussière, imperméable, compatible avec Apple FileVault, indicateur d'état DEL",,,,,,,,,"10,0 Gbps (USB 3.2 de 2e génération)",,,,,,USB 3.2 Gen 2 - USB-C,,,,,,,Bus USB,Lecteur à semi-conducteurs - externe (portable),,,3 bits par cellule (TLC),
9821948,Crucial X9 Pro for Mac,MICRON,SSD - 4 To - externe (portable) - USB 3.2 Gen 2 (USB-C connecteur),509.16,,,,,,4 To,"Antipoussière, imperméable, compatible avec Apple FileVault, indicateur d'état DEL",,,,,,,,,"10,0 Gbps (USB 3.2 de 2e génération)",,,,,,USB 3.2 Gen 2 - USB-C,,,,,,,Bus USB,Lecteur à semi-conducteurs - externe (portable),,,3 bits par cellule (TLC),
8626137,Crucial X9 Pro,MICRON,SSD - chiffré - 1 To - externe (portable) - USB 3.2 Gen 2 (USB-C connecteur) - AES 256 bits,169.71,AES 256 bits,,,,,1 To,"Antipoussière, imperméable, compatible PlayStation, compatible Xbox, indicateur d'état DEL",,,,,,,Oui,,"10,0 Gbps (USB 3.2 de 2e génération)",,,,Garantie de 5 ans,,USB 3.2 Gen 2 - USB-C,,,,,38 g,,Bus USB,Lecteur à semi-conducteurs - externe (portable),,,3 bits par cellule (TLC),
8626140,Crucial X9 Pro,MICRON,SSD - chiffré - 2 To - externe (portable) - USB 3.2 Gen 2 (USB-C connecteur) - AES 256 bits,276.46,AES 256 bits,,,,,2 To,"Antipoussière, imperméable, compatible PlayStation, compatible Xbox, indicateur d'état DEL",,,,,,,Oui,,"10,0 Gbps (USB 3.2 de 2e génération)",,,,Garantie de 5 ans,,USB 3.2 Gen 2 - USB-C,,,,,38 g,,Bus USB,Lecteur à semi-conducteurs - externe (portable),,,3 bits par cellule (TLC),
8626141,Crucial X9 Pro,MICRON,SSD - chiffré - 4 To - externe (portable) - USB 3.2 Gen 2 (USB-C connecteur) - AES 256 bits,491.66,AES 256 bits,,,,,4 To,"Antipoussière, imperméable, compatible PlayStation, compatible Xbox, indicateur d'état DEL",,,,,,,Oui,,"10,0 Gbps (USB 3.2 de 2e génération)",,,,Garantie de 5 ans,,USB 3.2 Gen 2 - USB-C,,,,,38 g,,Bus USB,Lecteur à semi-conducteurs - externe (portable),,,3 bits par cellule (TLC),
7625178,SanDisk Professional PRO-BLADE TRANSPORT,SANDISK,BLADE TRANSPORT - SSD - 2 To - externe (portable) - USB 3.2 Gen 2x2 (USB-C connecteur),616.08,,,,,,2 To,"Résistant à l'écrasement, dissipateur de chaleur intégré",,,,,,,,,20 Gbps (USB 3.2 Gen 2x2),,,,Garantie de 5 ans,,USB 3.2 Gen 2x2 - USB-C,,,,,,,,Lecteur à semi-conducteurs - externe (portable),,,,
7625180,SanDisk Professional PRO-BLADE SSD Mag,SANDISK,BLADE SSD Mag - SSD - 2 To - externe (portable),513.42,,,,,,2 To,NVM Express (NVMe),,,,,,,,,,,,,Garantie de 5 ans,,,,,,,,,,Lecteur à semi-conducteurs - externe (portable),,,,
7625184,SanDisk Professional PRO-BLADE SSD Mag,SANDISK,BLADE SSD Mag - SSD - 4 To - externe (portable),924.14,,,,,,4 To,NVM Express (NVMe),,,,,,,,,,,,,Garantie de 5 ans,,,,,,,,,,Lecteur à semi-conducteurs - externe (portable),,,,
5456533,SSD robuste LaCie STHR500800,SEAGATE,SSD - chiffré - 500 Go - externe (portable) - USB 3.1 Gen 2 / Thunderbolt 3 (USB-C connecteur) - Self-Encrypting Drive (SED),298.62,,,,,,500 Go,"Imperméable, Seagate Secure, antipoussière, robuste, NVM Express (NVMe)",,,,,,,Oui,,,,,,Garantie de 5 ans,,USB 3.1 Gen 2 / Thunderbolt 3 - USB-C,,Mondial,,,100 g,,"Bus USB, Thunderbolt bus",Lecteur à semi-conducteurs - externe (portable),,,,
5456543,SSD robuste LaCie STHR2000800,SEAGATE,SSD - chiffré - 2 To - externe (portable) - USB 3.1 Gen 2 / Thunderbolt 3 (USB-C connecteur) - Self-Encrypting Drive (SED),828.43,,,,,,2 To,"Imperméable, Seagate Secure, antipoussière, robuste, NVM Express (NVMe)",,,,,,,Oui,,,,,,Garantie de 5 ans,,USB 3.1 Gen 2 / Thunderbolt 3 - USB-C,,,,,100 g,,"Bus USB, Thunderbolt bus",Lecteur à semi-conducteurs - externe (portable),,,,
5456544,LaCie Rugged SSD Pro STHZ1000800,SEAGATE,SSD - 1 To - externe (portable) - USB 3.1 Gen 1 / Thunderbolt 3 (USB-C connecteur),415.98,,,,,,1 To,"Imperméable, antipoussière, robuste, NVM Express (NVMe)",,,,,,,,,,,,,Garantie de 5 ans,,USB 3.1 Gen 1 / Thunderbolt 3 - USB-C,,Mondial,,,100 g,,"Bus USB, Thunderbolt bus",Lecteur à semi-conducteurs - externe (portable),,,,
8635364,Transcend ESD240C,TRANSCEND,SSD - 120 Go - externe (portable) - M.2 - USB 3.1 Gen 2 (USB-C connecteur) - argent,43.5,,,,,,120 Go,"3D NAND Technology, compatible USB On-The-Go, formatté avec le système de fichier exFAT",,,,,,Argent,,,,,M.2,,Garantie de 3 ans,,USB 3.1 Gen 2 - USB-C,,,,,33 g,,Bus USB,Lecteur à semi-conducteurs - externe (portable),,,,
8635366,Transcend ESD260C,TRANSCEND,SSD - 250 Go - externe (portable) - USB 3.1 Gen 2 - argent,57.66,,,,,,250 Go,"3D NAND Technology, compatible USB On-The-Go, formatté avec le système de fichier exFAT, compatible USB Attached SCSI Protocol (UASP)",,,,,,Argent,,,,,,,Garantie de 3 ans,,USB 3.1 Gen 2,,,,,33 g,,,Lecteur à semi-conducteurs - externe (portable),,,,
8635367,Transcend ESD270C,TRANSCEND,SSD - chiffré - 250 Go - externe (portable) - USB 3.1 Gen 2 (USB-C connecteur) - AES 256 bits - noir,49.09,AES 256 bits,,,,,250 Go,"One-Touch Backup, 3D NAND Technology, compatible USB On-The-Go, formatté avec le système de fichier exFAT, compatible USB Attached SCSI Protocol (UASP), indicateur d'état DEL, anti-rayure",,,,,,Noir,Oui,,,,,,Garantie de 3 ans,,USB 3.1 Gen 2 - USB-C,,,,,35 g,,Bus USB,Lecteur à semi-conducteurs - externe (portable),,,,
8635381,Transcend ESD260C,TRANSCEND,SSD - 500 Go - externe (portable) - USB 3.1 Gen 2 - argent,81.23,,,,,,500 Go,"3D NAND Technology, compatible USB On-The-Go, formatté avec le système de fichier exFAT, compatible USB Attached SCSI Protocol (UASP)",,,,,,Argent,,,,,,,Garantie de 3 ans,,USB 3.1 Gen 2,,,,,33 g,,,Lecteur à semi-conducteurs - externe (portable),,,,
8635387,Transcend ESD310C,TRANSCEND,SSD - 512 Go - externe (portable) - USB 3.2 Gen 2x1 (USB-C connecteur) - noir,77.04,,,,,,512 Go,"3D NAND Technology, cache SLC, formatté avec le système de fichier exFAT",,,,,,Noir,,,10 Gbps (USB 3.2 Gen 2x1),,,,Garantie de 5 ans,,USB 3.2 Gen 2x1 - USB-C,,,,,11 g,,,Lecteur à semi-conducteurs - externe (portable),,,,
8635391,Transcend ESD370C,TRANSCEND,SSD - 1 To - externe (portable) - USB 3.2 Gen 2 (USB-C connecteur) - bleu marine,157.59,,,,,,1 To,"3D NAND Technology, compatible USB On-The-Go",,,,,,Bleu marine,,,,,,,Garantie de 3 ans,,USB 3.2 Gen 2 - USB-C,,,,,87 g,,Bus USB,Lecteur à semi-conducteurs - externe (portable),,,,
8635419,Transcend ESD260C,TRANSCEND,SSD - 1 To - externe (portable) - USB 3.1 Gen 2 - argent,130.16,,,,,,1 To,3D NAND Technology,,,,,,Argent,,,,,,,Garantie de 3 ans,,USB 3.1 Gen 2,,,,,33 g,,,Lecteur à semi-conducteurs - externe (portable),,,,
8635421,Transcend ESD310C,TRANSCEND,SSD - 256 Go - externe (portable) - USB 3.2 Gen 2x1 (USB-C connecteur) - noir,49.78,,,,,,256 Go,"3D NAND Technology, cache SLC, formatté avec le système de fichier exFAT",,,,,,Noir,,,10 Gbps (USB 3.2 Gen 2x1),,,,Garantie de 5 ans,,USB 3.2 Gen 2x1 - USB-C,,,,,11 g,,,Lecteur à semi-conducteurs - externe (portable),,,,
8635430,Transcend ESD270C,TRANSCEND,SSD - 1 To - externe (portable) - USB 3.1 Gen 2 - AES 256 bits - noir,134.7,AES 256 bits,,,,,1 To,"One-Touch Backup, 3D NAND Technology, compatible USB On-The-Go, formatté avec le système de fichier exFAT, compatible USB Attached SCSI Protocol (UASP), indicateur d'état DEL",,,,,,Noir,,,,,,,Garantie de 3 ans,,USB 3.1 Gen 2,,,,,35 g,,,Lecteur à semi-conducteurs - externe (portable),,,,
8635433,Transcend ESD310C,TRANSCEND,SSD - 1 To - externe (portable) - USB 3.2 Gen 2x1 (USB-C connecteur) - noir,131.03,,,,,,1 To,"3D NAND Technology, cache SLC, formatté avec le système de fichier exFAT",,,,,,Noir,,,10 Gbps (USB 3.2 Gen 2x1),,,,Garantie de 5 ans,,USB 3.2 Gen 2x1 - USB-C,,,,,11 g,,,Lecteur à semi-conducteurs - externe (portable),,,,
8635443,Transcend ESD270C,TRANSCEND,SSD - 500 Go - externe (portable) - USB 3.1 Gen 2 - AES 256 bits - noir,81.06,AES 256 bits,,,,,500 Go,"One-Touch Backup, 3D NAND Technology, compatible USB On-The-Go, formatté avec le système de fichier exFAT, compatible USB Attached SCSI Protocol (UASP), indicateur d'état DEL",,,,,,Noir,,,,,,,Garantie de 3 ans,,USB 3.1 Gen 2,,,,,35 g,,,Lecteur à semi-conducteurs - externe (portable),,,,
8635513,Transcend ESD380C,TRANSCEND,SSD - 2 To - externe (portable) - USB 3.2 Gen 2x2 - vert militaire,263.82,,,,,,2 To,"3D NAND Technology, Shock Protection System (SPS), robuste",,,,,,Vert militaire,,,,,,,Garantie de 5 ans,,USB 3.2 Gen 2x2,,,,,75 g,,,Lecteur à semi-conducteurs - externe (portable),,,,
8635596,Transcend ESD380C,TRANSCEND,SSD - 4 To - externe (portable) - USB 3.2 Gen 2x2 - vert militaire,533.73,,,,,,4 To,"3D NAND Technology, prise en charge de plusieurs dispositifs, antichoc",,,,,,Vert militaire,,,,,,,Garantie de 5 ans,,USB 3.2 Gen 2x2,,,,,75 g,,,Lecteur à semi-conducteurs - externe (portable),,,,
11394706,KIOXIA EXCERIA PLUS LXD10S001TG8,KIOXIA,SSD - 1 To - externe (portable) - USB 3.2 Gen 2 (USB-C connecteur),119.04,,,,,,1 To,"Authentification du mot de passe, 3D BiCS Flash, boîtier aluminium, antichoc",,,,,,,,,,,,,Garantie de 3 ans,,USB 3.2 Gen 2 - USB-C,,,,,76 g,,Bus USB,Lecteur à semi-conducteurs - externe (portable),,,,
6157647,SanDisk Extreme PRO Portable V2,SANDISK,SSD - chiffré - 1 To - externe (portable) - USB 3.2 Gen 2x2 (USB-C connecteur) - AES 256 bits - pour Intel Next Unit of Computing 13 Extreme Kit - NUC13RNGi7,220.82,AES 256 bits,,,,,1 To,"NVM Express (NVMe), imperméable, antipoussière",,,,Intel Next Unit of Computing 13 Extreme Kit - NUC13RNGi7,,,Oui,,20 Gbps (USB 3.2 Gen 2x2),,,,Garantie de 5 ans,,USB 3.2 Gen 2x2 - USB-C,,,,,,,,Lecteur à semi-conducteurs - externe (portable),,,,
4504677,"StarTech.com Rack Backplane Mobile en Aluminum Sans Tiroir pour 3 Disque Dur SAS II/SATA III 6Gbps, Hot Swap avec Ventilateur et Serrure",STARTECH,"Rack de stockage mobile - 2.5"" - noir - pour P/N: 25SAT35HDD, PEXMSATA3422, PEXMSATA343",88.99,,,,"2 5.25""","3 x hot-swap - 3.5""",,,,,29 pin internal SAS (SFF-8482),"P/N: 25SAT35HDD, PEXMSATA3422, PEXMSATA343",Noir,,,,,"Indicateur de données, indicateur d'alimentation",,,Garantie de 2 ans,"2.5""",,SATA-600,,Aluminium,,1.2 kg,,,,,,,
7889716,Cisco,CISCO,SSD - 240 Go - échangeable à chaud - USB 3.0 - remanufacturé - pour Catalyst 9300,958.35,,,,,,240 Go,,,,,Catalyst 9300,,,,,,,,,,,USB 3.0,,,,,,,,Lecteur à semi-conducteurs - échangeable à chaud,,,,Remanufacturé
7779356,SanDisk Professional PRO-G40,SANDISK,G40 - SSD - 2 To - externe (portable) - USB 3.2 Gen 2 (USB-C connecteur),854.83,,,,,,2 To,"Antipoussière, imperméable, antichoc, NVM Express (NVMe)",,,,,,,,,,,,,Garantie de 5 ans,,USB 3.2 Gen 2 - USB-C,,,,,122.3 g,,,Lecteur à semi-conducteurs - externe (portable),,,,
10424613,PNY RP60,PNY TECHNO,SSD - 2 To - externe (portable) - USB 3.2 Gen 2x2,143.04,,,,,,2 To,"Résistant aux chutes, boucle de clip, imperméable, antipoussière",,,,,,,,,,,,,Garantie de 3 ans,,USB 3.2 Gen 2x2,,,,,100 g,,,Lecteur à semi-conducteurs - externe (portable),,,,
11462071,LaCie PRO5 STNA4000400,SEAGATE,SSD - 4 To - LC/APC duplex monomode - externe (portable) - Thunderbolt 5 (USB-C connecteur) - bleu - avec Seagate Rescue Data Recovery,2040.43,,,,,,4 To,"Imperméable, antipoussière, résistant à la pression, protection contre les chutes sur béton jusqu'à 3 m",,,,,,Bleu,,,80 Gbps (Thunderbolt 5),,,Seagate Rescue Data Recovery,Garantie de 5 ans,,Thunderbolt 5 - USB-C,,Mondial,,,150 g,,Thunderbolt bus,Lecteur à semi-conducteurs - externe (portable),,,,
11464544,SanDisk Extreme PRO,SANDISK,SSD - 4 To - externe (portable) - USB4 (USB-C connecteur),718.68,,,,,,4 To,"Antipoussière, imperméable, résistant aux liquides, résistant aux chutes",,,,,,,,,,,,,Garantie de 5 ans,,USB4 - USB-C,,Etats-Unis,,,172 g,,,Lecteur à semi-conducteurs - externe (portable),,,,
11459846,SanDisk Extreme,SANDISK,SSD - 8 To - externe (portable) - USB 3.2 Gen 2 (USB-C connecteur) - AES 256 bits,977.68,AES 256 bits,,,,,8 To,"NVM Express (NVMe), imperméable, antipoussière",,,,,,,,,,,,,Garantie de 5 ans,,USB 3.2 Gen 2 - USB-C,,,,,50 g,,,Lecteur à semi-conducteurs - externe (portable),,,,
6690022,LaCie Portable SSD STKS500400,SEAGATE,SSD - 500 Go - externe (portable) - USB (USB-C connecteur) - lune argentée - avec Seagate Rescue Data Recovery,199.66,,,,,,500 Go,,,,,,,Lune argentée,,,,,,Seagate Rescue Data Recovery,Garantie de 3 ans,,USB - USB-C,,Mondial,,,45 g,,Bus USB,Lecteur à semi-conducteurs - externe (portable),,,,
11504874,Seagate STMX1000400,SEAGATE,SSD - 1 To - ultra-compact - externe (portable) - USB 3.2 Gen 2 (USB-C connecteur) - gris foncé - avec Seagate Rescue Data Recovery,192.66,,,,,,1 To,"Robuste, antipoussière, résistant aux chutes, imperméable",,,,,,Gris foncé,,,"10,0 Gbps (USB 3.2 de 2e génération)",,,Seagate Rescue Data Recovery,Garantie de 3 ans,,USB 3.2 Gen 2 - USB-C,,,,,24 g,,Bus USB,Lecteur à semi-conducteurs - externe (portable),,,,
11504875,Seagate Ultra Compact STMX2000400,SEAGATE,SSD - 2 To - externe (portable) - USB 3.2 Gen 2 (USB-C connecteur) - gris foncé - avec Seagate Rescue Data Recovery,350.29,,,,,,2 To,"Robuste, antipoussière, résistant aux chutes, imperméable",,,,,,Gris foncé,,,"10,0 Gbps (USB 3.2 de 2e génération)",,,Seagate Rescue Data Recovery,Garantie de 3 ans,,USB 3.2 Gen 2 - USB-C,,,,,24 g,,Bus USB,Lecteur à semi-conducteurs - externe (portable),,,,
10278538,Kingston IronKey Vault Privacy 80,KINGSTON,"SSD - chiffré - 7.68 To - externe (portable) - USB 3.2 Gen 1 (USB-C connecteur) - 256-bit AES-XTS, FIPS 197 - Conformité TAA",1412.33,"256-bit AES-XTS, FIPS 197",,,,,7.68 To,"Fonction d'effacement sécurisé, Master and User Dual Passwords, écran couleur tactile, Lecture seule (protection en écriture) - Mode double, protection contre les attaques BadUSB, règles de mot passe personnalisables, Modes PIN/phrase secrète, Brute-Force Password Attack Protection, verrouillage automatique",Oui,,,,,,Oui,,,,,,Garantie de 3 ans,,USB 3.2 Gen 1 - USB-C,,,,,289.5 g,,Bus USB,Lecteur à semi-conducteurs - externe (portable),,,,
10281650,Transcend ESD410C,TRANSCEND,SSD - chiffré - 1 To - externe (portable) - USB (USB-C connecteur) - AES 256 bits - bleu foncé,156.18,AES 256 bits,,,,,1 To,"Protection contre les chutes sur béton jusqu'à 3 m, cache SLC, robuste, imperméable, trou de sangle, formatté avec le système de fichier exFAT, 3D NAND Technology",,,,,,Bleu foncé,Oui,,20 Gbps (USB 3.2 Gen 2x2),,,,Garantie de 5 ans,,USB - USB-C,,,,,65 g,,Bus USB,Lecteur à semi-conducteurs - externe (portable),,,,
10281652,Transcend ESD410C,TRANSCEND,SSD - chiffré - 4 To - externe (portable) - USB (USB-C connecteur) - AES 256 bits - bleu foncé,534.25,AES 256 bits,,,,,4 To,"Protection contre les chutes sur béton jusqu'à 3 m, cache SLC, robuste, imperméable, trou de sangle, formatté avec le système de fichier exFAT, 3D NAND Technology",,,,,,Bleu foncé,Oui,,20 Gbps (USB 3.2 Gen 2x2),,,,Garantie de 5 ans,,USB - USB-C,,,,,65 g,,Bus USB,Lecteur à semi-conducteurs - externe (portable),,,,
10281653,Transcend ESD320A,TRANSCEND,SSD - chiffré - 512 Go - externe (portable) - USB 3.2 Gen 2x1 - AES 256 bits - gris doux,71.98,AES 256 bits,,,,,512 Go,"Connecteur rétractable, cache SLC, Code de correction d'erreur étendue (ECC), trou de sangle, formatté avec le système de fichier exFAT, 3D NAND Technology",,,,,,Gris doux,Oui,,"10,0 Gbps (USB 3.2 de 2e génération)",,,,Garantie de 5 ans,,USB 3.2 Gen 2x1,,,,,26 g,,Bus USB,Lecteur à semi-conducteurs - externe (portable),,,,
10281654,Transcend ESD330C,TRANSCEND,SSD - chiffré - 1 To - externe (portable) - USB (USB-C connecteur) - AES 256 bits - brun grisâtre foncé,140.99,AES 256 bits,,,,,1 To,"Cache SLC, ECC (Error Correction Code, code de correction d'erreur), connecteur rétractable, 3D NAND Technology, trou de sangle, formatté avec le système de fichier exFAT",,,,,,Brun grisâtre foncé,Oui,,10.0 Gbps (USB 3.1),,,,Garantie de 5 ans,,USB - USB-C,,,,,23 g,,Bus USB,Lecteur à semi-conducteurs - externe (portable),,,,
10281656,Transcend ESD320A,TRANSCEND,SSD - chiffré - 2 To - externe (portable) - USB 3.2 Gen 2x1 - AES 256 bits - gris doux,263.29,AES 256 bits,,,,,2 To,"Connecteur rétractable, cache SLC, Code de correction d'erreur étendue (ECC), trou de sangle, formatté avec le système de fichier exFAT, 3D NAND Technology",,,,,,Gris doux,Oui,,"10,0 Gbps (USB 3.2 de 2e génération)",,,,Garantie de 5 ans,,USB 3.2 Gen 2x1,,,,,26 g,,Bus USB,Lecteur à semi-conducteurs - externe (portable),,,,
10281657,Transcend ESD330C,TRANSCEND,SSD - chiffré - 512 Go - externe (portable) - USB (USB-C connecteur) - AES 256 bits - brun grisâtre foncé,82.11,AES 256 bits,,,,,512 Go,"Cache SLC, ECC (Error Correction Code, code de correction d'erreur), connecteur rétractable, 3D NAND Technology, trou de sangle, formatté avec le système de fichier exFAT",,,,,,Brun grisâtre foncé,Oui,,10.0 Gbps (USB 3.1),,,,Garantie de 5 ans,,USB - USB-C,,,,,23 g,,Bus USB,Lecteur à semi-conducteurs - externe (portable),,,,
10281658,Transcend ESD330C,TRANSCEND,SSD - chiffré - 2 To - externe (portable) - USB (USB-C connecteur) - AES 256 bits - brun grisâtre foncé,265.39,AES 256 bits,,,,,2 To,"Cache SLC, ECC (Error Correction Code, code de correction d'erreur), connecteur rétractable, 3D NAND Technology, trou de sangle, formatté avec le système de fichier exFAT",,,,,,Brun grisâtre foncé,Oui,,10.0 Gbps (USB 3.1),,,,Garantie de 5 ans,,USB - USB-C,,,,,23 g,,Bus USB,Lecteur à semi-conducteurs - externe (portable),,,,
10281659,Transcend ESD360C,TRANSCEND,SSD - 1 To - externe (portable) - USB 3.2 Gen 2x2 (USB-C connecteur) - AES 256 bits - gris,140.81,AES 256 bits,,,,,1 To,"One-Touch Backup, cache SLC, anti-rayure, antichoc, prise en charge de plusieurs dispositifs, 3D NAND Technology",,,,,,Gris,,,20 Gbps (USB 3.2 Gen 2x2),,,,Garantie de 5 ans,,USB 3.2 Gen 2x2 - USB-C,,,,,35 g,,Bus USB,Lecteur à semi-conducteurs - externe (portable),,,,
10281660,Transcend ESD360C,TRANSCEND,SSD - 2 To - externe (portable) - USB 3.2 Gen 2x2 (USB-C connecteur) - AES 256 bits - gris,241.27,AES 256 bits,,,,,2 To,"One-Touch Backup, cache SLC, anti-rayure, antichoc, prise en charge de plusieurs dispositifs, 3D NAND Technology",,,,,,Gris,,,20 Gbps (USB 3.2 Gen 2x2),,,,Garantie de 5 ans,,USB 3.2 Gen 2x2 - USB-C,,,,,35 g,,Bus USB,Lecteur à semi-conducteurs - externe (portable),,,,
10281661,Transcend ESD360C,TRANSCEND,SSD - 4 To - externe (portable) - USB 3.2 Gen 2x2 (USB-C connecteur) - AES 256 bits - gris,527.79,AES 256 bits,,,,,4 To,"One-Touch Backup, cache SLC, anti-rayure, antichoc, prise en charge de plusieurs dispositifs, 3D NAND Technology",,,,,,Gris,,,20 Gbps (USB 3.2 Gen 2x2),,,,Garantie de 5 ans,,USB 3.2 Gen 2x2 - USB-C,,,,,35 g,,Bus USB,Lecteur à semi-conducteurs - externe (portable),,,,
6150931,Verbatim Store 'n' Go SSD 256 Go externe portable,VERBATIM,"Emportez vos données partout avec vous grâce au SSD externe portable Verbatim Store 'n' Go. Avec une capacité de stockage généreuse de 256 Go et une connectivité USB 3.2 Gen 1 via un connecteur USB-C, ce SSD offre une solution de stockage portable rapide et fiable pour vos besoins de mobilité.",30.64,,,,,,256 Go,,,,,,,,,,5.0 Gbps (USB 3.0),,,,,,USB 3.2 Gen 1 - USB-C,,,,,98 g,,Bus USB,Lecteur à semi-conducteurs - externe (portable),,,,
6150933,Verbatim Store 'n' Go SSD 1 To externe portable,VERBATIM,"Emportez vos données partout avec vous grâce au SSD externe portable Verbatim Store 'n' Go. Avec une capacité de stockage généreuse de 1 To et une connectivité USB 3.2 Gen 1 via un connecteur USB-C, ce SSD offre une solution de stockage portable rapide et fiable pour vos besoins de mobilité.",71.41,,,,,,1 To,,,,,,,,,,5.0 Gbps (USB 3.0),,,,,,USB 3.2 Gen 1 - USB-C,,,,,98 g,,Bus USB,Lecteur à semi-conducteurs - externe (portable),,,,
9798864,"Verbatim Vx500 SSD Externe Portable 2 To, Gris Sidéral",VERBATIM,"Boostez votre stockage avec le SSD externe portable Verbatim Vx500. Doté d'une capacité généreuse de 2 To, ce SSD élégant et performant est votre compagnon idéal pour le stockage et le transfert de données en déplacement. Avec son design gris sidéral élégant et son format portable, le Vx500 se glisse facilement dans votre s",132.89,,,,,,2 To,,,,,,,Gris sidéral,,,,,,,Garantie de 2 ans,,USB 3.2 Gen 2 - USB-C,,,,,29 g,,Bus USB,Lecteur à semi-conducteurs - externe (portable),,,,
8436454,WD Black C50 Expansion Card for XBOX,SANDISK,Disque dur - 512 Go - externe (portable),155.57,,,,,,512 Go,Compatible Xbox,,,,,,,,,,,,,Garantie de 5 ans,,,,,,,25 g,,,Disque dur - externe (portable),,,,
8436455,WD Black C50 Expansion Card for XBOX,SANDISK,Disque dur - 1 To - externe (portable),227.23,,,,,,1 To,Compatible Xbox,,,,,,,,,,,,,Garantie de 5 ans,,,,,,,25 g,,,Disque dur - externe (portable),,,,
7326945,BOITIER EXT SSD NVMe M.2 USB 3.1 GEN 2,UNIFORMATI,BOITIER EXTERNE SSD NVMe M.2 PCIe USB 3.1 GEN 2,138.06,,,,,,,,,,,,,,,,,,,,,,,,,,,,,,,,,,
7321105,SEAGATE,SEAGATE,2.12PB RAW 4U RCKMNT 8 12GB X4 MINI-SAS,83600.3,,,,,,,,,,,,,,,,,,,,,,,,,,,,,,,,,,
11558988,Samsung 9100 PRO MZ-VAP8T0,SAMSUNG,VAP8T0 - SSD - chiffré - 8 To - interne - M.2 2280 - PCI Express 5.0 x4 (NVMe) - AES 256 bits - TCG Opal Encryption 2.0 - noir,1099.43,AES 256 bits,,,,,8 To,"Prise en charge TRIM, Auto Garbage Collection Algorithm, Support de mise en veille de l'appareil, Samsung V-NAND TLC Technology, dissipateur de chaleur intégré, Intelligent TurboWrite 2.0 Technology, compatible PlayStation, NVMe 2.0, S.M.A.R.T.",,,,,,Noir,Oui,,,,M.2 2280,,Garantie de 5 ans,,PCI Express 5.0 x4 (NVMe),,,,,9.5 g,,,Lecteur à semi-conducteurs - interne,,,3 bits par cellule (TLC),
7315038,SEAGATE,SEAGATE,2.12PB RAW 4U RACKMT 12GB X4 MINI-SAS HD,76839.3,,,,,,,,,,,,,,,,,,,,,,,,,,,,,,,,,,
8635398,Transcend ESD370C,TRANSCEND,SSD - 500 Go - externe (portable) - USB 3.2 Gen 2 (USB-C connecteur) - bleu marine,107.44,,,,,,500 Go,"3D NAND Technology, compatible USB On-The-Go",,,,,,Bleu marine,,,,,,,Garantie de 3 ans,,USB 3.2 Gen 2 - USB-C,,,,,87 g,,Bus USB,Lecteur à semi-conducteurs - externe (portable),,,,
6646911,Cisco,CISCO,SSD - 120 Go - échangeable à chaud - USB 3.0 - remanufacturé - pour Catalyst 9500,958.35,,,,,,120 Go,,,,,Catalyst 9500,,,,,,,,,,,USB 3.0,,,,,,,,Lecteur à semi-conducteurs - échangeable à chaud,,,,Remanufacturé
7346833,SEAGATE,SEAGATE,84 BAY SAS 3.5 DDIC FRU 7.2K 12G SAS HDD,53190.65,,,,,,,,,,,,,,,,,,,,,,,,,,,,,,,,,,
7302935,SEAGATE,SEAGATE,CS/Dual 48x5 Intelligent Cont 8p 2U-12,13953.26,,,,,,,,,,,,,,,,,,,,,,,,,,,,,,,,,,
